"id","year","lang","task","Time","totalxp","jobxp","dbclass","sqlxp","englishmain","fluency"
"5c75b3df83786","Not Applicable","1","0","708","4","0","Complete","1","1","-1"
"5c75b3df83786","Not Applicable","1","1","1007","4","0","Complete","1","1","-1"
"5c75b3df83786","Not Applicable","1","2","1110","4","0","Complete","1","1","-1"
"5c75b3df83786","Not Applicable","1","3","276","4","0","Complete","1","1","-1"
"5c75b3df83786","Not Applicable","1","4","225","4","0","Complete","1","1","-1"
"5c75b3df83786","Not Applicable","1","5","260","4","0","Complete","1","1","-1"
"5c767c7678499","Professional","1","0","236","9","8","N/A","6","1","-1"
"5c767c7678499","Professional","1","1","701","9","8","N/A","6","1","-1"
"5c767c7678499","Professional","1","2","186","9","8","N/A","6","1","-1"
"5c767c7678499","Professional","1","3","205","9","8","N/A","6","1","-1"
"5c767c7678499","Professional","1","4","131","9","8","N/A","6","1","-1"
"5c767c7678499","Professional","1","5","197","9","8","N/A","6","1","-1"
"5c76e66818d7e","Junior","3","0","2702","0","0","N/A","0","0","10"
"5c77544a3ff11","Sophomore","3","0","1739","13","0","N/A","0","1","-1"
"5c77544a3ff11","Sophomore","3","1","1457","13","0","N/A","0","1","-1"
"5c77544a3ff11","Sophomore","3","2","502","13","0","N/A","0","1","-1"
"5c77544a3ff11","Sophomore","3","3","286","13","0","N/A","0","1","-1"
"5c77544a3ff11","Sophomore","3","4","236","13","0","N/A","0","1","-1"
"5c77544a3ff11","Sophomore","3","5","535","13","0","N/A","0","1","-1"
"5c783bc1d5b9c","Senior","3","0","2702","3","0","N/A","0","1","-1"
"5c783bc1d5b9c","Senior","3","1","688","3","0","N/A","0","1","-1"
"5c783bc1d5b9c","Senior","3","2","1913","3","0","N/A","0","1","-1"
"5c783bc1d5b9c","Senior","3","3","422","3","0","N/A","0","1","-1"
"5c783bc1d5b9c","Senior","3","4","110","3","0","N/A","0","1","-1"
"5c783bc1d5b9c","Senior","3","5","535","3","0","N/A","0","1","-1"
"5c797b0b9835a","Sophomore","2","0","2701","2","0","N/A","0","1","10"
"5c797b0b9835a","Sophomore","2","1","2701","2","0","N/A","0","1","10"
"5c797b0b9835a","Sophomore","2","2","2702","2","0","N/A","0","1","10"
"5c797b0b9835a","Sophomore","2","3","2702","2","0","N/A","0","1","10"
"5c797b0b9835a","Sophomore","2","4","2702","2","0","N/A","0","1","10"
"5c797b0b9835a","Sophomore","2","5","2702","2","0","N/A","0","1","10"
"5c79adf5a4ad1","Professional","3","0","631","25","11","0","11","0","8"
"5c79adf5a4ad1","Professional","3","1","961","25","11","0","11","0","8"
"5c79adf5a4ad1","Professional","3","2","768","25","11","0","11","0","8"
"5c79adf5a4ad1","Professional","3","3","229","25","11","0","11","0","8"
"5c79adf5a4ad1","Professional","3","4","118","25","11","0","11","0","8"
"5c79adf5a4ad1","Professional","3","5","276","25","11","0","11","0","8"
"5c7a21c41d7be","Professional","2","0","357","24","20","N/A","20","1","-1"
"5c7a21c41d7be","Professional","2","1","125","24","20","N/A","20","1","-1"
"5c7a21c41d7be","Professional","2","2","165","24","20","N/A","20","1","-1"
"5c7a21c41d7be","Professional","2","3","184","24","20","N/A","20","1","-1"
"5c7a21c41d7be","Professional","2","4","194","24","20","N/A","20","1","-1"
"5c7a21c41d7be","Professional","2","5","326","24","20","N/A","20","1","-1"
"5c7adedc43403","Sophomore","1","0","2702","2","0","N/A","0","1","10"
"5c7af3301a4c7","Professional","1","0","583","15","10","Complete","15","0","7"
"5c7af3301a4c7","Professional","1","1","293","15","10","Complete","15","0","7"
"5c7af3301a4c7","Professional","1","2","504","15","10","Complete","15","0","7"
"5c7af3301a4c7","Professional","1","3","292","15","10","Complete","15","0","7"
"5c7af3301a4c7","Professional","1","4","244","15","10","Complete","15","0","7"
"5c7af3301a4c7","Professional","1","5","340","15","10","Complete","15","0","7"
"5c7bcc2bc0933","Professional","2","0","602","11","4","Complete","1","1","-1"
"5c7bcc2bc0933","Professional","2","1","631","11","4","Complete","1","1","-1"
"5c7bcc2bc0933","Professional","2","2","324","11","4","Complete","1","1","-1"
"5c7bcc2bc0933","Professional","2","3","212","11","4","Complete","1","1","-1"
"5c7bcc2bc0933","Professional","2","4","176","11","4","Complete","1","1","-1"
"5c7bcc2bc0933","Professional","2","5","232","11","4","Complete","1","1","-1"
"5c7e748f3735f","Professional","3","0","343","24","15","Complete","15","1","-1"
"5c7e748f3735f","Professional","3","1","124","24","15","Complete","15","1","-1"
"5c7e748f3735f","Professional","3","2","2576","24","15","Complete","15","1","-1"
"5c7e748f3735f","Professional","3","3","194","24","15","Complete","15","1","-1"
"5c7e748f3735f","Professional","3","4","105","24","15","Complete","15","1","-1"
"5c7e748f3735f","Professional","3","5","172","24","15","Complete","15","1","-1"
"5c7ed6c28c85c","Junior","2","0","2702","1","0","N/A","0","1","8"
"5c7ed6c28c85c","Junior","2","1","2701","1","0","N/A","0","1","8"
"5c7ed6c28c85c","Junior","2","2","2701","1","0","N/A","0","1","8"
"5c816968e4a8d","Senior","1","0","2135","4","0","N/A","0","0","9"
"5c816968e4a8d","Senior","1","1","1730","4","0","N/A","0","0","9"
"5c84340aea202","Junior","3","0","2701","3","0","N/A","0","0","9"
"5c84340aea202","Junior","3","1","2701","3","0","N/A","0","0","9"
"5c84340aea202","Junior","3","2","2702","3","0","N/A","0","0","9"
"5c84340aea202","Junior","3","3","2702","3","0","N/A","0","0","9"
"5c84340aea202","Junior","3","4","2702","3","0","N/A","0","0","9"
"5c84340aea202","Junior","3","5","2702","3","0","N/A","0","0","9"
"5c8886ac3e3d9","Junior","1","0","804","8","0","N/A","0","1","-1"
"5c8886ac3e3d9","Junior","1","1","310","8","0","N/A","0","1","-1"
"5c8886ac3e3d9","Junior","1","2","915","8","0","N/A","0","1","-1"
"5c8886ac3e3d9","Junior","1","3","176","8","0","N/A","0","1","-1"
"5c8886ac3e3d9","Junior","1","4","161","8","0","N/A","0","1","-1"
"5c8886ac3e3d9","Junior","1","5","325","8","0","N/A","0","1","-1"
"5c8aff70f29b2","Senior","3","0","791","2","0","0","0","1","-1"
"5c8aff70f29b2","Senior","3","1","915","2","0","0","0","1","-1"
"5c8aff70f29b2","Senior","3","2","1233","2","0","0","0","1","-1"
"5c8aff70f29b2","Senior","3","3","362","2","0","0","0","1","-1"
"5c8aff70f29b2","Senior","3","4","435","2","0","0","0","1","-1"
"5c8aff70f29b2","Senior","3","5","804","2","0","0","0","1","-1"
"5c8b294b7c9d3","Senior","2","0","2702","6","0","0","0","1","-1"
"5c8b294b7c9d3","Senior","2","1","1338","6","0","0","0","1","-1"
"5c8b294b7c9d3","Senior","2","2","818","6","0","0","0","1","-1"
"5c8b294b7c9d3","Senior","2","3","539","6","0","0","0","1","-1"
"5c8b294b7c9d3","Senior","2","4","1263","6","0","0","0","1","-1"
"5c8b294b7c9d3","Senior","2","5","1802","6","0","0","0","1","-1"
"5c8d2d6def4d4","Senior","1","0","1190","4","0","N/A","0","1","10"
"5c8d2d6def4d4","Senior","1","1","930","4","0","N/A","0","1","10"
"5c8d2d6def4d4","Senior","1","2","1059","4","0","N/A","0","1","10"
"5c8d2d6def4d4","Senior","1","3","348","4","0","N/A","0","1","10"
"5c8d2d6def4d4","Senior","1","4","336","4","0","N/A","0","1","10"
"5c8d2d6def4d4","Senior","1","5","365","4","0","N/A","0","1","10"
"5c8d78ff3963d","Junior","2","0","2702","1","0","N/A","0","1","-1"
"5c8d78ff3963d","Junior","2","1","2702","1","0","N/A","0","1","-1"
"5c8d78ff3963d","Junior","2","2","2703","1","0","N/A","0","1","-1"
"5c8f29b1df3b4","Freshman","1","0","2702","3","0","N/A","0","1","10"
"5c8f29b1df3b4","Freshman","1","1","2702","3","0","N/A","0","1","10"
"5c8f29b1df3b4","Freshman","1","2","2702","3","0","N/A","0","1","10"
"5c8f29b1df3b4","Freshman","1","3","673","3","0","N/A","0","1","10"
"5c8f29b1df3b4","Freshman","1","4","248","3","0","N/A","0","1","10"
"5c8f29b1df3b4","Freshman","1","5","1717","3","0","N/A","0","1","10"
"5c8fb9eb5ba59","Senior","3","0","698","2","0","N/A","0","1","-1"
"5c8fb9eb5ba59","Senior","3","1","1249","2","0","N/A","0","1","-1"
"5c8fb9eb5ba59","Senior","3","2","2702","2","0","N/A","0","1","-1"
"5c8fb9eb5ba59","Senior","3","3","1803","2","0","N/A","0","1","-1"
"5c8fb9eb5ba59","Senior","3","4","256","2","0","N/A","0","1","-1"
"5c8fb9eb5ba59","Senior","3","5","2701","2","0","N/A","0","1","-1"
"5c900967afb31","Junior","3","0","2701","3","0","N/A","0","1","-1"
"5c900967afb31","Junior","3","1","641","3","0","N/A","0","1","-1"
"5c900967afb31","Junior","3","2","2138","3","0","N/A","0","1","-1"
"5c900967afb31","Junior","3","3","357","3","0","N/A","0","1","-1"
"5c900967afb31","Junior","3","4","188","3","0","N/A","0","1","-1"
"5c900967afb31","Junior","3","5","909","3","0","N/A","0","1","-1"
"5c903c3701f4c","Sophomore","1","0","2701","1","0","N/A","1","1","9"
"5c903c3701f4c","Sophomore","1","1","1388","1","0","N/A","1","1","9"
"5c903c3701f4c","Sophomore","1","2","1023","1","0","N/A","1","1","9"
"5c903c3701f4c","Sophomore","1","3","442","1","0","N/A","1","1","9"
"5c903c3701f4c","Sophomore","1","4","805","1","0","N/A","1","1","9"
"5c903c3701f4c","Sophomore","1","5","1042","1","0","N/A","1","1","9"
"5c918c20c55c9","Senior","1","0","418","2","0","N/A","0","1","-1"
"5c918c20c55c9","Senior","1","1","818","2","0","N/A","0","1","-1"
"5c918c20c55c9","Senior","1","2","961","2","0","N/A","0","1","-1"
"5c918c20c55c9","Senior","1","3","312","2","0","N/A","0","1","-1"
"5c918c20c55c9","Senior","1","4","321","2","0","N/A","0","1","-1"
"5c918c20c55c9","Senior","1","5","349","2","0","N/A","0","1","-1"
"5c91b74420925","Senior","2","0","2702","3","0","N/A","0","0","10"
"5c92e3712bc24","Senior","3","0","2702","3","0","0","0","1","-1"
"5c92e3712bc24","Senior","3","1","2703","3","0","0","0","1","-1"
"5c93185eba537","Junior","1","0","2703","2","1","N/A","0","1","-1"
"5c93185eba537","Junior","1","1","2701","2","1","N/A","0","1","-1"
"5c93185eba537","Junior","1","2","2702","2","1","N/A","0","1","-1"
"5c93185eba537","Junior","1","3","1247","2","1","N/A","0","1","-1"
"5c93185eba537","Junior","1","4","285","2","1","N/A","0","1","-1"
"5c93185eba537","Junior","1","5","346","2","1","N/A","0","1","-1"
"5c93af03e551c","Senior","2","0","202","3","0","N/A","0","1","-1"
"5c93af03e551c","Senior","2","1","201","3","0","N/A","0","1","-1"
"5c93af03e551c","Senior","2","2","1077","3","0","N/A","0","1","-1"
"5c93af03e551c","Senior","2","3","134","3","0","N/A","0","1","-1"
"5c93af03e551c","Senior","2","4","82","3","0","N/A","0","1","-1"
"5c93af03e551c","Senior","2","5","102","3","0","N/A","0","1","-1"
"5c958343f1e77","Sophomore","2","0","1227","3","0","N/A","0","1","-1"
"5c958343f1e77","Sophomore","2","1","657","3","0","N/A","0","1","-1"
"5c958343f1e77","Sophomore","2","2","443","3","0","N/A","0","1","-1"
"5c958343f1e77","Sophomore","2","3","472","3","0","N/A","0","1","-1"
"5c958343f1e77","Sophomore","2","4","341","3","0","N/A","0","1","-1"
"5c958343f1e77","Sophomore","2","5","849","3","0","N/A","0","1","-1"
"5c95a3d580e59","Junior","2","0","939","1","0","N/A","0","1","-1"
"5c95a3d580e59","Junior","2","1","639","1","0","N/A","0","1","-1"
"5c95a3d580e59","Junior","2","2","1688","1","0","N/A","0","1","-1"
"5c95a3d580e59","Junior","2","3","260","1","0","N/A","0","1","-1"
"5c95a3d580e59","Junior","2","4","127","1","0","N/A","0","1","-1"
"5c95a3d580e59","Junior","2","5","264","1","0","N/A","0","1","-1"
"5c96d03544708","Sophomore","3","0","1798","1","0","N/A","0","0","9"
"5c96d03544708","Sophomore","3","1","2702","1","0","N/A","0","0","9"
"5c96d03544708","Sophomore","3","2","2702","1","0","N/A","0","0","9"
"5c96d03544708","Sophomore","3","3","2118","1","0","N/A","0","0","9"
"5c96d03544708","Sophomore","3","4","1140","1","0","N/A","0","0","9"
"5c96d03544708","Sophomore","3","5","1644","1","0","N/A","0","0","9"
"5c97e774c9aa2","Junior","3","0","2702","2","0","N/A","0","0","2"
"5c97e774c9aa2","Junior","3","1","2693","2","0","N/A","0","0","2"
"5c97e774c9aa2","Junior","3","2","2705","2","0","N/A","0","0","2"
"5c97e774c9aa2","Junior","3","3","608","2","0","N/A","0","0","2"
"5c97e774c9aa2","Junior","3","4","501","2","0","N/A","0","0","2"
"5c97e774c9aa2","Junior","3","5","1036","2","0","N/A","0","0","2"
"5c986742ca193","Sophomore","1","0","569","4","0","N/A","0","1","-1"
"5c986742ca193","Sophomore","1","1","501","4","0","N/A","0","1","-1"
"5c986742ca193","Sophomore","1","2","487","4","0","N/A","0","1","-1"
"5c986742ca193","Sophomore","1","3","219","4","0","N/A","0","1","-1"
"5c986742ca193","Sophomore","1","4","252","4","0","N/A","0","1","-1"
"5c986742ca193","Sophomore","1","5","199","4","0","N/A","0","1","-1"
"5c99b6d151e2a","Senior","1","0","738","4","0","0","0","1","-1"
"5c99b6d151e2a","Senior","1","1","1408","4","0","0","0","1","-1"
"5c99b6d151e2a","Senior","1","2","2702","4","0","0","0","1","-1"
"5c99b6d151e2a","Senior","1","3","259","4","0","0","0","1","-1"
"5c99b6d151e2a","Senior","1","4","140","4","0","0","0","1","-1"
"5c99b6d151e2a","Senior","1","5","509","4","0","0","0","1","-1"
"5c9ad1f80293a","Senior","2","0","2743","0","0","0","0","1","-1"
"5c9ad1f80293a","Senior","2","1","3109","0","0","0","0","1","-1"
"5c9ad1f80293a","Senior","2","2","2703","0","0","0","0","1","-1"
"5c9ad1f80293a","Senior","2","3","2867","0","0","0","0","1","-1"
"5c9ad1f80293a","Senior","2","4","2702","0","0","0","0","1","-1"
"5c9ad1f80293a","Senior","2","5","2701","0","0","0","0","1","-1"
"5c9bf66bda683","Senior","3","0","2701","2","0","N/A","0","1","8"
"5c9bfd9188ead","Professional","3","0","495","11","1","N/A","1","1","-1"
"5c9bfd9188ead","Professional","3","1","525","11","1","N/A","1","1","-1"
"5c9bfd9188ead","Professional","3","2","527","11","1","N/A","1","1","-1"
"5c9bfd9188ead","Professional","3","3","249","11","1","N/A","1","1","-1"
"5c9bfd9188ead","Professional","3","4","250","11","1","N/A","1","1","-1"
"5c9bfd9188ead","Professional","3","5","246","11","1","N/A","1","1","-1"
"5c9e574b8c1a4","Junior","1","0","1956","3","0","N/A","0","1","-1"
"5c9e574b8c1a4","Junior","1","1","1685","3","0","N/A","0","1","-1"
"5c9e574b8c1a4","Junior","1","2","2039","3","0","N/A","0","1","-1"
"5c9e72cc7c743","Senior","1","0","215","8","0","N/A","0","1","-1"
"5c9e72cc7c743","Senior","1","1","648","8","0","N/A","0","1","-1"
"5c9e72cc7c743","Senior","1","2","482","8","0","N/A","0","1","-1"
"5c9e72cc7c743","Senior","1","3","129","8","0","N/A","0","1","-1"
"5c9e72cc7c743","Senior","1","4","183","8","0","N/A","0","1","-1"
"5c9e72cc7c743","Senior","1","5","238","8","0","N/A","0","1","-1"
"5c9e8a1e9bcc6","Sophomore","1","0","1018","3","0","0","0","1","-1"
"5c9e8a1e9bcc6","Sophomore","1","1","1284","3","0","0","0","1","-1"
"5c9e8a1e9bcc6","Sophomore","1","2","382","3","0","0","0","1","-1"
"5c9e8a1e9bcc6","Sophomore","1","3","333","3","0","0","0","1","-1"
"5c9e8a1e9bcc6","Sophomore","1","4","197","3","0","0","0","1","-1"
"5c9e8a1e9bcc6","Sophomore","1","5","209","3","0","0","0","1","-1"
"5c9f91d3e39c1","Senior","2","0","1812","2","0","0","0","1","-1"
"5c9f91d3e39c1","Senior","2","1","2703","2","0","0","0","1","-1"
"5c9f91d3e39c1","Senior","2","2","759","2","0","0","0","1","-1"
"5c9f91d3e39c1","Senior","2","3","273","2","0","0","0","1","-1"
"5c9f91d3e39c1","Senior","2","4","420","2","0","0","0","1","-1"
"5c9f91d3e39c1","Senior","2","5","265","2","0","0","0","1","-1"
"5c9ff3c133107","Junior","1","0","1029","1","0","0","0","1","-1"
"5c9ff3c133107","Junior","1","1","402","1","0","0","0","1","-1"
"5c9ff3c133107","Junior","1","2","2702","1","0","0","0","1","-1"
"5c9ff3c133107","Junior","1","3","1100","1","0","0","0","1","-1"
"5c9ff3c133107","Junior","1","4","177","1","0","0","0","1","-1"
"5c9ff3c133107","Junior","1","5","404","1","0","0","0","1","-1"
"5ca03cf549454","Senior","3","0","2703","0","0","N/A","0","0","10"
"5ca03cf549454","Senior","3","1","2703","0","0","N/A","0","0","10"
"5ca03cf549454","Senior","3","2","2703","0","0","N/A","0","0","10"
"5ca03cf549454","Senior","3","3","2703","0","0","N/A","0","0","10"
"5ca03cf549454","Senior","3","4","2702","0","0","N/A","0","0","10"
"5ca03cf549454","Senior","3","5","2211","0","0","N/A","0","0","10"
"5ca0eb1eb27d9","Junior","2","0","568","1","0","N/A","1","1","10"
"5ca0eb1eb27d9","Junior","2","1","325","1","0","N/A","1","1","10"
"5ca0eb1eb27d9","Junior","2","2","2702","1","0","N/A","1","1","10"
"5ca0eb1eb27d9","Junior","2","3","83","1","0","N/A","1","1","10"
"5ca0eb1eb27d9","Junior","2","4","154","1","0","N/A","1","1","10"
"5ca0eb1eb27d9","Junior","2","5","268","1","0","N/A","1","1","10"
"5ca14eb349da3","Sophomore","3","0","825","2","0","N/A","0","1","-1"
"5ca14eb349da3","Sophomore","3","1","461","2","0","N/A","0","1","-1"
"5ca14eb349da3","Sophomore","3","2","1200","2","0","N/A","0","1","-1"
"5ca14eb349da3","Sophomore","3","3","193","2","0","N/A","0","1","-1"
"5ca14eb349da3","Sophomore","3","4","126","2","0","N/A","0","1","-1"
"5ca14eb349da3","Sophomore","3","5","476","2","0","N/A","0","1","-1"
"5ca157cb568c3","Junior","1","0","2702","2","0","N/A","0","1","-1"
"5ca157cb568c3","Junior","1","1","2702","2","0","N/A","0","1","-1"
"5ca157cb568c3","Junior","1","2","2702","2","0","N/A","0","1","-1"
"5ca157cb568c3","Junior","1","3","669","2","0","N/A","0","1","-1"
"5ca157cb568c3","Junior","1","4","248","2","0","N/A","0","1","-1"
"5ca157cb568c3","Junior","1","5","308","2","0","N/A","0","1","-1"
"5ca1618b47e8e","Junior","2","0","2701","2","0","N/A","0","1","10"
"5ca1618b47e8e","Junior","2","1","2701","2","0","N/A","0","1","10"
"5ca1618b47e8e","Junior","2","2","2700","2","0","N/A","0","1","10"
"5ca1618b47e8e","Junior","2","3","2701","2","0","N/A","0","1","10"
"5ca1618b47e8e","Junior","2","4","2702","2","0","N/A","0","1","10"
"5ca1618b47e8e","Junior","2","5","2701","2","0","N/A","0","1","10"
"5ca16a7e8a4ff","Junior","1","0","1604","3","0","N/A","0","1","-1"
"5ca16a7e8a4ff","Junior","1","1","1627","3","0","N/A","0","1","-1"
"5ca16a7e8a4ff","Junior","1","2","2591","3","0","N/A","0","1","-1"
"5ca16a7e8a4ff","Junior","1","3","257","3","0","N/A","0","1","-1"
"5ca16a7e8a4ff","Junior","1","4","322","3","0","N/A","0","1","-1"
"5ca16a7e8a4ff","Junior","1","5","738","3","0","N/A","0","1","-1"
"5ca175fbcc033","Senior","1","0","2702","2","0","N/A","0","1","-1"
"5ca175fbcc033","Senior","1","1","2702","2","0","N/A","0","1","-1"
"5ca175fbcc033","Senior","1","2","1639","2","0","N/A","0","1","-1"
"5ca175fbcc033","Senior","1","3","771","2","0","N/A","0","1","-1"
"5ca175fbcc033","Senior","1","4","293","2","0","N/A","0","1","-1"
"5ca175fbcc033","Senior","1","5","2702","2","0","N/A","0","1","-1"
"5ca17ba35f780","Junior","2","0","775","6","1","0","1","1","-1"
"5ca17ba35f780","Junior","2","1","279","6","1","0","1","1","-1"
"5ca17ba35f780","Junior","2","2","2091","6","1","0","1","1","-1"
"5ca17ba35f780","Junior","2","3","229","6","1","0","1","1","-1"
"5ca17ba35f780","Junior","2","4","2702","6","1","0","1","1","-1"
"5ca17ba35f780","Junior","2","5","1526","6","1","0","1","1","-1"
"5ca188a4d46b2","Junior","3","0","775","2","0","N/A","0","1","-1"
"5ca188a4d46b2","Junior","3","1","341","2","0","N/A","0","1","-1"
"5ca188a4d46b2","Junior","3","2","1921","2","0","N/A","0","1","-1"
"5ca188a4d46b2","Junior","3","3","238","2","0","N/A","0","1","-1"
"5ca188a4d46b2","Junior","3","4","222","2","0","N/A","0","1","-1"
"5ca188a4d46b2","Junior","3","5","264","2","0","N/A","0","1","-1"
"5ca18ea680a85","Junior","3","0","2702","3","0","N/A","0","1","-1"
"5ca18ea680a85","Junior","3","1","2703","3","0","N/A","0","1","-1"
"5ca18ea680a85","Junior","3","2","2712","3","0","N/A","0","1","-1"
"5ca190e15a818","Junior","1","0","697","6","0","N/A","0","1","-1"
"5ca190e15a818","Junior","1","1","2702","6","0","N/A","0","1","-1"
"5ca190e15a818","Junior","1","2","2702","6","0","N/A","0","1","-1"
"5ca190e15a818","Junior","1","3","178","6","0","N/A","0","1","-1"
"5ca190e15a818","Junior","1","4","148","6","0","N/A","0","1","-1"
"5ca190e15a818","Junior","1","5","197","6","0","N/A","0","1","-1"
"5ca3020cf22be","Junior","2","0","1945","2","0","N/A","0","1","10"
"5ca3020cf22be","Junior","2","1","1680","2","0","N/A","0","1","10"
"5ca3020cf22be","Junior","2","2","627","2","0","N/A","0","1","10"
"5ca3020cf22be","Junior","2","3","120","2","0","N/A","0","1","10"
"5ca3020cf22be","Junior","2","4","260","2","0","N/A","0","1","10"
"5ca3020cf22be","Junior","2","5","1623","2","0","N/A","0","1","10"
"5cacdddebbd91","Senior","3","0","565","2","0","N/A","1","1","-1"
"5cacdddebbd91","Senior","3","1","667","2","0","N/A","1","1","-1"
"5cacdddebbd91","Senior","3","2","441","2","0","N/A","1","1","-1"
"5cacdddebbd91","Senior","3","3","735","2","0","N/A","1","1","-1"
"5cacdddebbd91","Senior","3","4","204","2","0","N/A","1","1","-1"
"5cacdddebbd91","Senior","3","5","287","2","0","N/A","1","1","-1"
"5cafb079ce414","Junior","3","0","2702","3","1","0","0","1","-1"
"5cafb079ce414","Junior","3","1","2703","3","1","0","0","1","-1"
"5cafb079ce414","Junior","3","2","2705","3","1","0","0","1","-1"
"5cafb079ce414","Junior","3","3","2753","3","1","0","0","1","-1"
"5cafb079ce414","Junior","3","4","4165","3","1","0","0","1","-1"
"5cafb079ce414","Junior","3","5","8075","3","1","0","0","1","-1"
"5cb0facd32c89","Senior","2","0","575","4","0","Complete","1","0","10"
"5cb0facd32c89","Senior","2","1","205","4","0","Complete","1","0","10"
"5cb0facd32c89","Senior","2","2","680","4","0","Complete","1","0","10"
"5cb0facd32c89","Senior","2","3","80","4","0","Complete","1","0","10"
"5cb0facd32c89","Senior","2","4","135","4","0","Complete","1","0","10"
"5cb0facd32c89","Senior","2","5","1163","4","0","Complete","1","0","10"
"5cb0fbe06e01f","Junior","1","0","2374","3","0","N/A","0","1","-1"
"5cb0fbe06e01f","Junior","1","1","2702","3","0","N/A","0","1","-1"
"5cb0fbe06e01f","Junior","1","2","433","3","0","N/A","0","1","-1"
"5cb0fbe06e01f","Junior","1","3","161","3","0","N/A","0","1","-1"
"5cb0fbe06e01f","Junior","1","4","170","3","0","N/A","0","1","-1"
"5cb2d0eab913f","Junior","2","0","465","6","1","N/A","0","0","10"
"5cb2d0eab913f","Junior","2","1","97","6","1","N/A","0","0","10"
"5cb2d0eab913f","Junior","2","2","450","6","1","N/A","0","0","10"
"5cb2d0eab913f","Junior","2","3","97","6","1","N/A","0","0","10"
"5cb2d0eab913f","Junior","2","4","247","6","1","N/A","0","0","10"
"5cb2d0eab913f","Junior","2","5","210","6","1","N/A","0","0","10"
"5cb4e505db347","Senior","1","0","1191","5","0","N/A","0","1","-1"
"5cb4e505db347","Senior","1","1","1336","5","0","N/A","0","1","-1"
"5cb4e505db347","Senior","1","2","2713","5","0","N/A","0","1","-1"
"5cb4e505db347","Senior","1","3","2726","5","0","N/A","0","1","-1"
"5cb6175a9bdfb","Senior","2","0","1086","4","0","N/A","0","1","-1"
"5cb6175a9bdfb","Senior","2","1","1338","4","0","N/A","0","1","-1"
"5cb6175a9bdfb","Senior","2","2","1247","4","0","N/A","0","1","-1"
"5cb6175a9bdfb","Senior","2","3","182","4","0","N/A","0","1","-1"
"5cb6175a9bdfb","Senior","2","4","193","4","0","N/A","0","1","-1"
"5cb6175a9bdfb","Senior","2","5","1648","4","0","N/A","0","1","-1"
"5cb6a546c0c22","Junior","1","0","758","3","1","N/A","0","1","10"
"5cb6a546c0c22","Junior","1","1","377","3","1","N/A","0","1","10"
"5cb6a546c0c22","Junior","1","2","2701","3","1","N/A","0","1","10"
"5cb6a546c0c22","Junior","1","3","108","3","1","N/A","0","1","10"
"5cb6a546c0c22","Junior","1","4","159","3","1","N/A","0","1","10"
"5cb6a546c0c22","Junior","1","5","185","3","1","N/A","0","1","10"
"5cb771be92b95","Senior","3","0","1753","1","0","N/A","0","0","10"
"5cb771be92b95","Senior","3","1","1961","1","0","N/A","0","0","10"
"5cb771be92b95","Senior","3","2","1232","1","0","N/A","0","0","10"
"5cb771be92b95","Senior","3","3","238","1","0","N/A","0","0","10"
"5cb771be92b95","Senior","3","4","243","1","0","N/A","0","0","10"
"5cb771be92b95","Senior","3","5","472","1","0","N/A","0","0","10"
"5cb790813133f","Junior","3","0","2701","0","0","0","0","1","10"
"5cb790813133f","Junior","3","1","2702","0","0","0","0","1","10"
"5cb790813133f","Junior","3","2","2702","0","0","0","0","1","10"
"5cb790813133f","Junior","3","3","2702","0","0","0","0","1","10"
"5cb790813133f","Junior","3","4","2702","0","0","0","0","1","10"
"5cb790813133f","Junior","3","5","2702","0","0","0","0","1","10"
"5cb7ae6c213f3","Junior","2","0","1241","3","0","N/A","0","1","-1"
"5cb7ae6c213f3","Junior","2","1","617","3","0","N/A","0","1","-1"
"5cb7ae6c213f3","Junior","2","2","1301","3","0","N/A","0","1","-1"
"5cb7ae6c213f3","Junior","2","3","358","3","0","N/A","0","1","-1"
"5cb7ae6c213f3","Junior","2","4","226","3","0","N/A","0","1","-1"
"5cb7ae6c213f3","Junior","2","5","1134","3","0","N/A","0","1","-1"
"5cb7ccd84898c","Junior","3","0","2702","3","0","N/A","0","1","10"
"5cb7ccd84898c","Junior","3","1","2703","3","0","N/A","0","1","10"
"5cb7ccd84898c","Junior","3","2","2703","3","0","N/A","0","1","10"
"5cb7ccd84898c","Junior","3","3","960","3","0","N/A","0","1","10"
"5cb7ccd84898c","Junior","3","4","340","3","0","N/A","0","1","10"
"5cb7ccd84898c","Junior","3","5","3272","3","0","N/A","0","1","10"
"5cb803c40c7bc","Graduate","1","0","2701","1","0","Complete","1","0","5"
"5cb803c40c7bc","Graduate","1","1","2702","1","0","Complete","1","0","5"
"5cb803c40c7bc","Graduate","1","2","2702","1","0","Complete","1","0","5"
"5cb803c40c7bc","Graduate","1","3","2702","1","0","Complete","1","0","5"
"5cb803c40c7bc","Graduate","1","4","2702","1","0","Complete","1","0","5"
"5cb803c40c7bc","Graduate","1","5","2702","1","0","Complete","1","0","5"
"5cb82871c9665","Senior","1","0","2703","6","0","0","0","1","-1"
"5cb82871c9665","Senior","1","1","2274","6","0","0","0","1","-1"
"5cb82871c9665","Senior","1","2","2703","6","0","0","0","1","-1"
"5cb82871c9665","Senior","1","3","2475","6","0","0","0","1","-1"
"5cb82871c9665","Senior","1","4","363","6","0","0","0","1","-1"
"5cb82871c9665","Senior","1","5","1471","6","0","0","0","1","-1"
"5cb8b6b6563df","Senior","3","0","2207","3","0","N/A","0","1","-1"
"5cb8b6b6563df","Senior","3","1","823","3","0","N/A","0","1","-1"
"5cb8b6b6563df","Senior","3","2","1812","3","0","N/A","0","1","-1"
"5cb8b6b6563df","Senior","3","3","870","3","0","N/A","0","1","-1"
"5cb8b6b6563df","Senior","3","4","189","3","0","N/A","0","1","-1"
"5cb8b6b6563df","Senior","3","5","1006","3","0","N/A","0","1","-1"
"5cb8b6bb216de","Junior","2","0","670","3","0","N/A","0","1","-1"
"5cb8b6bb216de","Junior","2","1","641","3","0","N/A","0","1","-1"
"5cb8b6bb216de","Junior","2","2","449","3","0","N/A","0","1","-1"
"5cb8b6bb216de","Junior","2","3","332","3","0","N/A","0","1","-1"
"5cb8b6bb216de","Junior","2","4","381","3","0","N/A","0","1","-1"
"5cb8b6bb216de","Junior","2","5","510","3","0","N/A","0","1","-1"
"5cb8c576d87ed","Junior","1","0","969","7","1","N/A","0","1","-1"
"5cb8c576d87ed","Junior","1","1","967","7","1","N/A","0","1","-1"
"5cb8c576d87ed","Junior","1","2","2701","7","1","N/A","0","1","-1"
"5cb8c576d87ed","Junior","1","3","180","7","1","N/A","0","1","-1"
"5cb8c576d87ed","Junior","1","4","322","7","1","N/A","0","1","-1"
"5cb8c576d87ed","Junior","1","5","1738","7","1","N/A","0","1","-1"
"5cb8d1602e611","Freshman","2","0","1995","1","0","N/A","0","1","-1"
"5cb8d1602e611","Freshman","2","1","1357","1","0","N/A","0","1","-1"
"5cb8d1602e611","Freshman","2","2","1872","1","0","N/A","0","1","-1"
"5cb8d1602e611","Freshman","2","3","392","1","0","N/A","0","1","-1"
"5cb8d1602e611","Freshman","2","4","676","1","0","N/A","0","1","-1"
"5cb8d1602e611","Freshman","2","5","828","1","0","N/A","0","1","-1"
"5cb939606490d","Junior","1","0","2702","4","0","N/A","0","0","10"
"5cb939606490d","Junior","1","1","2702","4","0","N/A","0","0","10"
"5cb939606490d","Junior","1","2","2701","4","0","N/A","0","0","10"
"5cb939606490d","Junior","1","3","2703","4","0","N/A","0","0","10"
"5cb939606490d","Junior","1","5","2702","4","0","N/A","0","0","10"
"5cb98d3027490","Freshman","2","0","2702","1","0","0","0","1","-1"
"5cb98d3027490","Freshman","2","1","2702","1","0","0","0","1","-1"
"5cb98d3027490","Freshman","2","2","2701","1","0","0","0","1","-1"
"5cb98d3027490","Freshman","2","3","2701","1","0","0","0","1","-1"
"5cb98d3027490","Freshman","2","4","2702","1","0","0","0","1","-1"
"5cb98d3027490","Freshman","2","5","2702","1","0","0","0","1","-1"
"5cba22694faa4","Sophomore","3","0","2702","1","0","N/A","0","1","-1"
"5cba2d2fe8f20","Junior","3","0","2705","2","0","N/A","0","0","10"
"5cba4d15171f4","Sophomore","1","0","2703","2","0","N/A","0","0","6"
"5cba4d15171f4","Sophomore","1","1","2537","2","0","N/A","0","0","6"
"5cba4d15171f4","Sophomore","1","2","1967","2","0","N/A","0","0","6"
"5cba4d15171f4","Sophomore","1","3","307","2","0","N/A","0","0","6"
"5cba4d15171f4","Sophomore","1","4","213","2","0","N/A","0","0","6"
"5cba4d15171f4","Sophomore","1","5","250","2","0","N/A","0","0","6"
"5cbbff4d41ecd","Sophomore","2","0","1476","5","0","N/A","0","1","-1"
"5cbbff4d41ecd","Sophomore","2","1","1152","5","0","N/A","0","1","-1"
"5cbbff4d41ecd","Sophomore","2","2","2702","5","0","N/A","0","1","-1"
"5cbbff4d41ecd","Sophomore","2","3","925","5","0","N/A","0","1","-1"
"5cbbff4d41ecd","Sophomore","2","4","442","5","0","N/A","0","1","-1"
"5cbbff4d41ecd","Sophomore","2","5","617","5","0","N/A","0","1","-1"
"5cbc913b90946","Senior","3","0","2091","2","0","Complete","0","1","-1"
"5cbc913b90946","Senior","3","1","573","2","0","Complete","0","1","-1"
"5cbc913b90946","Senior","3","2","867","2","0","Complete","0","1","-1"
"5cbc913b90946","Senior","3","3","550","2","0","Complete","0","1","-1"
"5cbc913b90946","Senior","3","4","374","2","0","Complete","0","1","-1"
"5cbc913b90946","Senior","3","5","605","2","0","Complete","0","1","-1"
"5cbcb5b7450c9","Freshman","3","0","2702","1","0","0","0","0","7"
"5cbcb5b7450c9","Freshman","3","1","2701","1","0","0","0","0","7"
"5cbcb5b7450c9","Freshman","3","2","2702","1","0","0","0","0","7"
"5cbcb5b7450c9","Freshman","3","3","2701","1","0","0","0","0","7"
"5cbcb5b7450c9","Freshman","3","4","2701","1","0","0","0","0","7"
"5cbcb5b7450c9","Freshman","3","5","5063","1","0","0","0","0","7"
"5cbcbf54745b9","Freshman","1","0","1469","4","0","0","0","0","9"
"5cbcbf54745b9","Freshman","1","1","2042","4","0","0","0","0","9"
"5cbcbf54745b9","Freshman","1","2","1614","4","0","0","0","0","9"
"5cbcbf54745b9","Freshman","1","3","918","4","0","0","0","0","9"
"5cbcbf54745b9","Freshman","1","4","160","4","0","0","0","0","9"
"5cbcbf54745b9","Freshman","1","5","349","4","0","0","0","0","9"
"5cbcd58e362b4","Senior","2","0","2031","1","0","N/A","0","1","-1"
"5cbcd58e362b4","Senior","2","1","1051","1","0","N/A","0","1","-1"
"5cbcd58e362b4","Senior","2","2","2130","1","0","N/A","0","1","-1"
"5cbcd58e362b4","Senior","2","3","1479","1","0","N/A","0","1","-1"
"5cbcd58e362b4","Senior","2","4","319","1","0","N/A","0","1","-1"
"5cbcd58e362b4","Senior","2","5","356","1","0","N/A","0","1","-1"
"5cbd131912471","Freshman","1","0","2701","4","0","N/A","0","1","-1"
"5cbd131912471","Freshman","1","1","2696","4","0","N/A","0","1","-1"
"5cbd131912471","Freshman","1","2","2701","4","0","N/A","0","1","-1"
"5cbd131912471","Freshman","1","3","544","4","0","N/A","0","1","-1"
"5cbd131912471","Freshman","1","4","145","4","0","N/A","0","1","-1"
"5cbd131912471","Freshman","1","5","441","4","0","N/A","0","1","-1"
"5cbd578ae6627","Sophomore","1","0","843","3","0","N/A","0","1","10"
"5cbd578ae6627","Sophomore","1","1","771","3","0","N/A","0","1","10"
"5cbd578ae6627","Sophomore","1","2","255","3","0","N/A","0","1","10"
"5cbd578ae6627","Sophomore","1","3","471","3","0","N/A","0","1","10"
"5cbd578ae6627","Sophomore","1","4","210","3","0","N/A","0","1","10"
"5cbd578ae6627","Sophomore","1","5","204","3","0","N/A","0","1","10"
"5cbd6d3a0d8f9","Junior","1","0","2600","2","0","N/A","0","0","5"
"5cbd6d3a0d8f9","Junior","1","1","2702","2","0","N/A","0","0","5"
"5cbd6d3a0d8f9","Junior","1","2","2702","2","0","N/A","0","0","5"
"5cbd6d3a0d8f9","Junior","1","3","2194","2","0","N/A","0","0","5"
"5cbd6d3a0d8f9","Junior","1","4","545","2","0","N/A","0","0","5"
"5cbd6d3a0d8f9","Junior","1","5","465","2","0","N/A","0","0","5"
"5cbddc3af041b","Graduate","3","0","2701","3","0","N/A","0","1","-1"
"5cbddc3af041b","Graduate","3","1","2701","3","0","N/A","0","1","-1"
"5cbddc3af041b","Graduate","3","2","2701","3","0","N/A","0","1","-1"
"5cbddc3af041b","Graduate","3","3","345","3","0","N/A","0","1","-1"
"5cbddc3af041b","Graduate","3","4","265","3","0","N/A","0","1","-1"
"5cbddc3af041b","Graduate","3","5","290","3","0","N/A","0","1","-1"
"5cbddc4dd177a","Senior","1","0","2702","2","0","N/A","0","0","8"
"5cbddc4dd177a","Senior","1","1","1136","2","0","N/A","0","0","8"
"5cbddc4dd177a","Senior","1","2","2702","2","0","N/A","0","0","8"
"5cbddc4dd177a","Senior","1","3","404","2","0","N/A","0","0","8"
"5cbddc4dd177a","Senior","1","4","576","2","0","N/A","0","0","8"
"5cbddc4dd177a","Senior","1","5","683","2","0","N/A","0","0","8"
"5cbe703d538d4","Sophomore","3","0","2729","0","0","N/A","0","1","-1"
"5cbe703d538d4","Sophomore","3","1","2702","0","0","N/A","0","1","-1"
"5cbe703d538d4","Sophomore","3","2","2702","0","0","N/A","0","1","-1"
"5cbe703d538d4","Sophomore","3","3","2703","0","0","N/A","0","1","-1"
"5cbe703d538d4","Sophomore","3","4","2703","0","0","N/A","0","1","-1"
"5cbe703d538d4","Sophomore","3","5","2703","0","0","N/A","0","1","-1"
"5cbeab25eeff4","Sophomore","2","0","2702","1","0","0","0","1","-1"
"5cbeab25eeff4","Sophomore","2","1","2702","1","0","0","0","1","-1"
"5cbeab25eeff4","Sophomore","2","2","2702","1","0","0","0","1","-1"
"5cbeab25eeff4","Sophomore","2","3","2703","1","0","0","0","1","-1"
"5cbeab25eeff4","Sophomore","2","4","2702","1","0","0","0","1","-1"
"5cbeab25eeff4","Sophomore","2","5","2703","1","0","0","0","1","-1"
"5cbf7cd33d558","Sophomore","3","0","2702","2","0","0","0","1","-1"
"5cbf7cd33d558","Sophomore","3","1","935","2","0","0","0","1","-1"
"5cbf7cd33d558","Sophomore","3","2","752","2","0","0","0","1","-1"
"5cbf7cd33d558","Sophomore","3","3","414","2","0","0","0","1","-1"
"5cbf7cd33d558","Sophomore","3","4","361","2","0","0","0","1","-1"
"5cbf7cd33d558","Sophomore","3","5","491","2","0","0","0","1","-1"
"5cbfa103b3e58","Senior","2","0","1870","0","0","0","0","0","10"
"5cbfa103b3e58","Senior","2","1","800","0","0","0","0","0","10"
"5cbfa103b3e58","Senior","2","2","2701","0","0","0","0","0","10"
"5cbfa103b3e58","Senior","2","3","220","0","0","0","0","0","10"
"5cbfa103b3e58","Senior","2","4","557","0","0","0","0","0","10"
"5cbfa103b3e58","Senior","2","5","780","0","0","0","0","0","10"
"5cbfd0250fdb6","Junior","2","0","963","4","2","N/A","0","1","-1"
"5cbfd0250fdb6","Junior","2","1","339","4","2","N/A","0","1","-1"
"5cbfd0250fdb6","Junior","2","2","807","4","2","N/A","0","1","-1"
"5cbfd0250fdb6","Junior","2","3","264","4","2","N/A","0","1","-1"
"5cbfd0250fdb6","Junior","2","4","126","4","2","N/A","0","1","-1"
"5cbfd0250fdb6","Junior","2","5","182","4","2","N/A","0","1","-1"
"5cc08de0863d2","Sophomore","1","0","2701","0","0","N/A","0","1","10"
"5cc08de0863d2","Sophomore","1","1","2701","0","0","N/A","0","1","10"
"5cc08de0863d2","Sophomore","1","2","2702","0","0","N/A","0","1","10"
"5cc08de0863d2","Sophomore","1","3","2701","0","0","N/A","0","1","10"
"5cc12e138769d","Sophomore","1","0","2701","0","0","0","0","1","-1"
"5cc12e138769d","Sophomore","1","1","2701","0","0","0","0","1","-1"
"5cc15c8bd3aeb","Sophomore","2","0","2702","0","0","N/A","0","0","10"
"5cc15c8bd3aeb","Sophomore","2","1","2701","0","0","N/A","0","0","10"
"5cc15c8bd3aeb","Sophomore","2","2","2701","0","0","N/A","0","0","10"
"5cc15c8bd3aeb","Sophomore","2","3","2701","0","0","N/A","0","0","10"
"5cc15c8bd3aeb","Sophomore","2","4","2702","0","0","N/A","0","0","10"
"5cc15c8bd3aeb","Sophomore","2","5","2701","0","0","N/A","0","0","10"
"5cc22b92c2b0a","Sophomore","1","0","2702","9","0","N/A","0","1","-1"
"5cc22b92c2b0a","Sophomore","1","1","2703","9","0","N/A","0","1","-1"
"5cc3e1d1ec5d0","Junior","1","0","2702","0","0","N/A","0","1","-1"
"5cc3e1d1ec5d0","Junior","1","1","2702","0","0","N/A","0","1","-1"
"5cc3e1d1ec5d0","Junior","1","2","2709","0","0","N/A","0","1","-1"
"5cc3e1d1ec5d0","Junior","1","3","2702","0","0","N/A","0","1","-1"
"5cc3e1d1ec5d0","Junior","1","4","2703","0","0","N/A","0","1","-1"
"5cc3e1d1ec5d0","Junior","1","5","2702","0","0","N/A","0","1","-1"
"5cc3fa588acc8","Senior","3","0","2701","0","0","0","0","1","10"
"5cc3fa588acc8","Senior","3","1","2700","0","0","0","0","1","10"
"5cc3fa588acc8","Senior","3","2","2701","0","0","0","0","1","10"
"5cc3fa588acc8","Senior","3","3","2702","0","0","0","0","1","10"
"5cc3fa588acc8","Senior","3","4","2701","0","0","0","0","1","10"
"5cc3fa588acc8","Senior","3","5","2701","0","0","0","0","1","10"
"5cc47d24d6a61","Freshman","2","0","2703","1","0","N/A","0","1","-1"
"5cc47d24d6a61","Freshman","2","1","2702","1","0","N/A","0","1","-1"
"5cc47d24d6a61","Freshman","2","2","2701","1","0","N/A","0","1","-1"
"5cc47d24d6a61","Freshman","2","3","2702","1","0","N/A","0","1","-1"
"5cc47d24d6a61","Freshman","2","4","2702","1","0","N/A","0","1","-1"
"5cc47d24d6a61","Freshman","2","5","2704","1","0","N/A","0","1","-1"
"5cc4a460c2311","Freshman","1","0","1405","1","0","N/A","0","0","10"
"5cc4a460c2311","Freshman","1","1","1773","1","0","N/A","0","0","10"
"5cc4a460c2311","Freshman","1","2","960","1","0","N/A","0","0","10"
"5cc4a460c2311","Freshman","1","3","281","1","0","N/A","0","0","10"
"5cc4a460c2311","Freshman","1","4","253","1","0","N/A","0","0","10"
"5cc4a460c2311","Freshman","1","5","1744","1","0","N/A","0","0","10"
"5cc4a471147f0","Junior","3","0","2701","0","0","0","0","1","-1"
"5cc4a471147f0","Junior","3","1","2696","0","0","0","0","1","-1"
"5cc4a471147f0","Junior","3","2","2702","0","0","0","0","1","-1"
"5cc4a471147f0","Junior","3","3","2701","0","0","0","0","1","-1"
"5cc4a471147f0","Junior","3","4","2701","0","0","0","0","1","-1"
"5cc4a471147f0","Junior","3","5","2701","0","0","0","0","1","-1"
"5cc4b0f3c20e5","Sophomore","3","0","2701","0","0","N/A","0","0","10"
"5cc4b0f3c20e5","Sophomore","3","1","2701","0","0","N/A","0","0","10"
"5cc4b0f3c20e5","Sophomore","3","2","2701","0","0","N/A","0","0","10"
"5cc4b0f3c20e5","Sophomore","3","3","2701","0","0","N/A","0","0","10"
"5cc4b0f3c20e5","Sophomore","3","4","2702","0","0","N/A","0","0","10"
"5cc4b0f3c20e5","Sophomore","3","5","2701","0","0","N/A","0","0","10"
"5cc4bbb0c5336","Sophomore","2","0","2702","1","0","0","0","1","-1"
"5cc4bbb0c5336","Sophomore","2","1","2701","1","0","0","0","1","-1"
"5cc4bbb0c5336","Sophomore","2","2","2702","1","0","0","0","1","-1"
"5cc4bbb0c5336","Sophomore","2","3","2702","1","0","0","0","1","-1"
"5cc4bbb0c5336","Sophomore","2","4","2702","1","0","0","0","1","-1"
"5cc4bbb0c5336","Sophomore","2","5","2702","1","0","0","0","1","-1"
"5cc4ef0e37563","Sophomore","2","0","2702","0","0","0","0","1","-1"
"5cc4ef0e37563","Sophomore","2","1","2702","0","0","0","0","1","-1"
"5cc4ef0e37563","Sophomore","2","2","2702","0","0","0","0","1","-1"
"5cc50101647e7","Junior","1","0","2677","1","0","0","0","1","-1"
"5cc50101647e7","Junior","1","1","2703","1","0","0","0","1","-1"
"5cc50101647e7","Junior","1","2","2703","1","0","0","0","1","-1"
"5cc542dd1f1f8","Freshman","2","0","896","3","0","N/A","0","1","-1"
"5cc542dd1f1f8","Freshman","2","1","212","3","0","N/A","0","1","-1"
"5cc542dd1f1f8","Freshman","2","2","2701","3","0","N/A","0","1","-1"
"5cc542dd1f1f8","Freshman","2","3","113","3","0","N/A","0","1","-1"
"5cc542dd1f1f8","Freshman","2","4","309","3","0","N/A","0","1","-1"
"5cc542dd1f1f8","Freshman","2","5","2703","3","0","N/A","0","1","-1"
"5cc5c0d64975f","Sophomore","3","0","2702","1","0","N/A","0","1","10"
"5cc5c0d64975f","Sophomore","3","1","2702","1","0","N/A","0","1","10"
"5cc5c0d64975f","Sophomore","3","2","2702","1","0","N/A","0","1","10"
"5cc5c0d64975f","Sophomore","3","3","2702","1","0","N/A","0","1","10"
"5cc5c0d64975f","Sophomore","3","4","2702","1","0","N/A","0","1","10"
"5cc5c0d64975f","Sophomore","3","5","2702","1","0","N/A","0","1","10"
"5cc6025e07eec","Sophomore","1","0","2702","0","0","N/A","0","0","8"
"5cc6025e07eec","Sophomore","1","1","2702","0","0","N/A","0","0","8"
"5cc6025e07eec","Sophomore","1","2","2701","0","0","N/A","0","0","8"
"5cc6025e07eec","Sophomore","1","3","2702","0","0","N/A","0","0","8"
"5cc6025e07eec","Sophomore","1","4","2705","0","0","N/A","0","0","8"
"5cc6025e07eec","Sophomore","1","5","2701","0","0","N/A","0","0","8"
"5cc61a44bf4a7","Junior","2","0","2702","0","0","N/A","0","1","-1"
"5cc61a44bf4a7","Junior","2","1","2702","0","0","N/A","0","1","-1"
"5cc61a44bf4a7","Junior","2","2","2702","0","0","N/A","0","1","-1"
"5cc61a44bf4a7","Junior","2","3","2701","0","0","N/A","0","1","-1"
"5cc61a44bf4a7","Junior","2","4","466","0","0","N/A","0","1","-1"
"5cc61a44bf4a7","Junior","2","5","2701","0","0","N/A","0","1","-1"
"5cc6222c4aaf7","Sophomore","3","0","2702","0","0","N/A","0","0","7"
"5cc6222c4aaf7","Sophomore","3","1","2702","0","0","N/A","0","0","7"
"5cc63b85c3a63","Freshman","3","0","2701","0","0","N/A","0","1","-1"
"5cc63b85c3a63","Freshman","3","1","2701","0","0","N/A","0","1","-1"
"5cc63b85c3a63","Freshman","3","2","2701","0","0","N/A","0","1","-1"
"5cc63b85c3a63","Freshman","3","3","2702","0","0","N/A","0","1","-1"
"5cc63b85c3a63","Freshman","3","4","2702","0","0","N/A","0","1","-1"
"5cc63b85c3a63","Freshman","3","5","2702","0","0","N/A","0","1","-1"
"5cc68ac343d52","Freshman","2","0","2702","2","0","0","0","1","-1"
"5cc68ac343d52","Freshman","2","1","2702","2","0","0","0","1","-1"
"5cc68ac343d52","Freshman","2","2","2701","2","0","0","0","1","-1"
"5cc68ac343d52","Freshman","2","3","2702","2","0","0","0","1","-1"
"5cc68ac343d52","Freshman","2","4","2702","2","0","0","0","1","-1"
"5cc68ac343d52","Freshman","2","5","2703","2","0","0","0","1","-1"
"5cc6f41dd7108","Junior","3","0","2702","2","1","N/A","0","1","-1"
"5cc6f41dd7108","Junior","3","1","2411","2","1","N/A","0","1","-1"
"5cc6f41dd7108","Junior","3","2","849","2","1","N/A","0","1","-1"
"5cc6f41dd7108","Junior","3","3","214","2","1","N/A","0","1","-1"
"5cc6f41dd7108","Junior","3","4","144","2","1","N/A","0","1","-1"
"5cc6f41dd7108","Junior","3","5","714","2","1","N/A","0","1","-1"
"5cc7805f39b6b","Junior","3","0","2703","0","0","N/A","0","1","8"
"5cc7805f39b6b","Junior","3","1","2702","0","0","N/A","0","1","8"
"5cc7805f39b6b","Junior","3","2","2702","0","0","N/A","0","1","8"
"5cc7805f39b6b","Junior","3","3","2702","0","0","N/A","0","1","8"
"5cc7805f39b6b","Junior","3","4","2702","0","0","N/A","0","1","8"
"5cc7805f39b6b","Junior","3","5","2702","0","0","N/A","0","1","8"
"5cc8bf7def28a","Senior","1","0","2701","0","0","0","0","0","10"
"5cc8bf7def28a","Senior","1","1","2701","0","0","0","0","0","10"
"5cc8bf7def28a","Senior","1","2","2701","0","0","0","0","0","10"
"5cc8bf7def28a","Senior","1","3","2701","0","0","0","0","0","10"
"5cc8bf7def28a","Senior","1","4","2855","0","0","0","0","0","10"
"5cc8bf7def28a","Senior","1","5","2701","0","0","0","0","0","10"
"5cc9f9cac71c9","Sophomore","1","0","2542","0","0","N/A","0","1","-1"
"5cc9f9cac71c9","Sophomore","1","1","1346","0","0","N/A","0","1","-1"
"5cc9fe1b82cdc","Freshman","3","0","2702","0","0","N/A","0","0","10"
"5cc9fe1b82cdc","Freshman","3","1","2703","0","0","N/A","0","0","10"
"5cc9fe1b82cdc","Freshman","3","2","2702","0","0","N/A","0","0","10"
"5cc9fe1b82cdc","Freshman","3","3","2702","0","0","N/A","0","0","10"
"5cc9fe1b82cdc","Freshman","3","4","2701","0","0","N/A","0","0","10"
"5cc9fe1b82cdc","Freshman","3","5","2702","0","0","N/A","0","0","10"
"5cca0109ec3fa","Senior","1","0","1267","2","0","N/A","0","1","-1"
"5cca0109ec3fa","Senior","1","1","270","2","0","N/A","0","1","-1"
"5cca02e836be5","Senior","3","0","1286","2","0","N/A","0","1","-1"
"5cca02e836be5","Senior","3","1","476","2","0","N/A","0","1","-1"
"5cca02e836be5","Senior","3","2","2702","2","0","N/A","0","1","-1"
"5cca02e836be5","Senior","3","3","478","2","0","N/A","0","1","-1"
"5cca02e836be5","Senior","3","4","197","2","0","N/A","0","1","-1"
"5cca02e836be5","Senior","3","5","501","2","0","N/A","0","1","-1"
"5cca599b84605","Junior","1","0","2701","1","0","N/A","0","1","-1"
"5cca599b84605","Junior","1","1","2701","1","0","N/A","0","1","-1"
"5cca599b84605","Junior","1","2","2702","1","0","N/A","0","1","-1"
"5cca599b84605","Junior","1","3","2702","1","0","N/A","0","1","-1"
"5cca599b84605","Junior","1","4","2702","1","0","N/A","0","1","-1"
"5cca599b84605","Junior","1","5","2702","1","0","N/A","0","1","-1"
"5cca65be15788","Sophomore","1","0","2702","1","0","0","0","1","-1"
"5cca65be15788","Sophomore","1","1","3206","1","0","0","0","1","-1"
"5cca65be15788","Sophomore","1","2","2701","1","0","0","0","1","-1"
"5cca870b1536e","Sophomore","2","0","2701","3","0","N/A","0","1","9"
"5ccb6629f2476","Junior","2","0","1221","1","0","N/A","0","1","-1"
"5ccb6629f2476","Junior","2","1","484","1","0","N/A","0","1","-1"
"5ccb6629f2476","Junior","2","2","2703","1","0","N/A","0","1","-1"
"5ccb6629f2476","Junior","2","3","2721","1","0","N/A","0","1","-1"
"5ccb6629f2476","Junior","2","4","2702","1","0","N/A","0","1","-1"
"5ccb6629f2476","Junior","2","5","1678","1","0","N/A","0","1","-1"
"5ccb6bb403832","Sophomore","3","0","2701","1","0","N/A","0","1","-1"
"5ccbbaea551e4","Sophomore","1","0","2702","1","0","0","0","1","-1"
"5ccbbaea551e4","Sophomore","1","1","2703","1","0","0","0","1","-1"
"5ccbbaea551e4","Sophomore","1","2","2702","1","0","0","0","1","-1"
"5ccbbaea551e4","Sophomore","1","3","2702","1","0","0","0","1","-1"
"5ccbbaea551e4","Sophomore","1","4","1347","1","0","0","0","1","-1"
"5ccbbaea551e4","Sophomore","1","5","2702","1","0","0","0","1","-1"
"5ccbc39b7db16","Junior","2","0","2500","2","0","N/A","0","1","-1"
"5ccbc39b7db16","Junior","2","1","483","2","0","N/A","0","1","-1"
"5ccbc39b7db16","Junior","2","2","935","2","0","N/A","0","1","-1"
"5ccbc39b7db16","Junior","2","3","521","2","0","N/A","0","1","-1"
"5ccbc39b7db16","Junior","2","4","344","2","0","N/A","0","1","-1"
"5ccbc39b7db16","Junior","2","5","960","2","0","N/A","0","1","-1"
"5ccc5a1ecdf57","Freshman","1","0","2703","0","0","0","0","0","7"
"5ccc5a1ecdf57","Freshman","1","1","2703","0","0","0","0","0","7"
"5ccc5a1ecdf57","Freshman","1","2","2703","0","0","0","0","0","7"
"5ccc5a1ecdf57","Freshman","1","3","902","0","0","0","0","0","7"
"5ccc5a1ecdf57","Freshman","1","4","207","0","0","0","0","0","7"
"5ccc5a1ecdf57","Freshman","1","5","538","0","0","0","0","0","7"
"5ccc8d6ca3172","Senior","2","0","441","4","0","N/A","0","1","-1"
"5ccc8d6ca3172","Senior","2","1","247","4","0","N/A","0","1","-1"
"5ccc8d6ca3172","Senior","2","2","1119","4","0","N/A","0","1","-1"
"5ccc8d6ca3172","Senior","2","3","274","4","0","N/A","0","1","-1"
"5ccc8d6ca3172","Senior","2","4","235","4","0","N/A","0","1","-1"
"5ccc8d6ca3172","Senior","2","5","407","4","0","N/A","0","1","-1"
"5ccc94581847e","Freshman","2","0","2702","1","0","N/A","0","0","7"
"5ccc94581847e","Freshman","2","1","2702","1","0","N/A","0","0","7"
"5ccca35aa91c1","Sophomore","3","0","2702","1","0","N/A","0","0","10"
"5ccca35aa91c1","Sophomore","3","1","2702","1","0","N/A","0","0","10"
"5ccca35aa91c1","Sophomore","3","2","2702","1","0","N/A","0","0","10"
"5ccca35aa91c1","Sophomore","3","3","2702","1","0","N/A","0","0","10"
"5ccca35aa91c1","Sophomore","3","4","2702","1","0","N/A","0","0","10"
"5ccca35aa91c1","Sophomore","3","5","2702","1","0","N/A","0","0","10"
"5ccd02cae443a","Sophomore","2","0","2701","0","0","N/A","0","0","5"
"5ccd02cae443a","Sophomore","2","1","2702","0","0","N/A","0","0","5"
"5ccd02cae443a","Sophomore","2","2","2702","0","0","N/A","0","0","5"
"5ccd02cae443a","Sophomore","2","3","2701","0","0","N/A","0","0","5"
"5ccd02cae443a","Sophomore","2","4","2702","0","0","N/A","0","0","5"
"5ccd02cae443a","Sophomore","2","5","2703","0","0","N/A","0","0","5"
"5cce50a9122ff","Junior","2","0","2701","0","0","N/A","0","1","-1"
"5cce50a9122ff","Junior","2","1","2701","0","0","N/A","0","1","-1"
"5cce50a9122ff","Junior","2","2","2702","0","0","N/A","0","1","-1"
"5cce613ee6183","Freshman","1","0","2702","2","0","N/A","0","1","-1"
"5cce613ee6183","Freshman","1","1","2701","2","0","N/A","0","1","-1"
"5cce613ee6183","Freshman","1","2","2702","2","0","N/A","0","1","-1"
"5cce613ee6183","Freshman","1","3","2702","2","0","N/A","0","1","-1"
"5cce613ee6183","Freshman","1","4","2702","2","0","N/A","0","1","-1"
"5cce651623503","Sophomore","2","0","2702","1","0","N/A","0","1","-1"
"5cce651623503","Sophomore","2","1","3249","1","0","N/A","0","1","-1"
"5ccf6fa84d836","Junior","3","0","2704","0","0","0","0","1","10"
"5ccf6fa84d836","Junior","3","1","2702","0","0","0","0","1","10"
"5ccf6fa84d836","Junior","3","2","2701","0","0","0","0","1","10"
"5ccf6fa84d836","Junior","3","3","2702","0","0","0","0","1","10"
"5ccf6fa84d836","Junior","3","4","2702","0","0","0","0","1","10"
"5ccf6fa84d836","Junior","3","5","2702","0","0","0","0","1","10"
"5ccfad40364c9","Senior","1","0","421","3","2","N/A","2","1","-1"
"5ccfad40364c9","Senior","1","1","210","3","2","N/A","2","1","-1"
"5ccfad40364c9","Senior","1","2","237","3","2","N/A","2","1","-1"
"5ccfad40364c9","Senior","1","3","144","3","2","N/A","2","1","-1"
"5ccfad40364c9","Senior","1","4","216","3","2","N/A","2","1","-1"
"5ccfad40364c9","Senior","1","5","270","3","2","N/A","2","1","-1"
"5ccfbda05736f","Sophomore","3","0","2702","2","0","N/A","0","1","-1"
"5ccfbda05736f","Sophomore","3","1","2702","2","0","N/A","0","1","-1"
"5ccfbda05736f","Sophomore","3","2","2703","2","0","N/A","0","1","-1"
"5ccfbda05736f","Sophomore","3","3","2703","2","0","N/A","0","1","-1"
"5ccfbda05736f","Sophomore","3","4","2702","2","0","N/A","0","1","-1"
"5ccfbda05736f","Sophomore","3","5","2703","2","0","N/A","0","1","-1"
"5cd34b418d088","Senior","3","0","2706","3","0","N/A","1","0","9"
"5cd34b418d088","Senior","3","1","2702","3","0","N/A","1","0","9"
"5cd34b418d088","Senior","3","2","2702","3","0","N/A","1","0","9"
"5cd34b418d088","Senior","3","3","2702","3","0","N/A","1","0","9"
"5cd34b418d088","Senior","3","4","2702","3","0","N/A","1","0","9"
"5cd43c935ac77","Not Applicable","3","0","2702","10","0","Complete","3","0","10"
"5cd43c935ac77","Not Applicable","3","1","2702","10","0","Complete","3","0","10"
"5cd43c935ac77","Not Applicable","3","2","2177","10","0","Complete","3","0","10"
"5cd43c935ac77","Not Applicable","3","3","314","10","0","Complete","3","0","10"
"5cd43c935ac77","Not Applicable","3","4","237","10","0","Complete","3","0","10"
"5cd43c935ac77","Not Applicable","3","5","400","10","0","Complete","3","0","10"
"5cd62e58837f2","Senior","2","0","1619","4","0","Complete","1","1","-1"
"5cd62e58837f2","Senior","2","1","416","4","0","Complete","1","1","-1"
"5cd62e58837f2","Senior","2","2","673","4","0","Complete","1","1","-1"
"5cd62e58837f2","Senior","2","3","114","4","0","Complete","1","1","-1"
"5cd62e58837f2","Senior","2","4","203","4","0","Complete","1","1","-1"
"5cd62e58837f2","Senior","2","5","176","4","0","Complete","1","1","-1"
"5cd7254352c15","Junior","1","0","2701","8","0","0","1","0","10"
"5cd7254352c15","Junior","1","1","2702","8","0","0","1","0","10"
"5cd7254352c15","Junior","1","2","2702","8","0","0","1","0","10"
"5cd7254352c15","Junior","1","3","2703","8","0","0","1","0","10"
"5cd7254352c15","Junior","1","4","1283","8","0","0","1","0","10"
"5cd7254352c15","Junior","1","5","2702","8","0","0","1","0","10"
"5cd782ecf0fd9","Senior","1","0","1050","4","0","Complete","1","1","-1"
"5cd782ecf0fd9","Senior","1","1","730","4","0","Complete","1","1","-1"
"5cd782ecf0fd9","Senior","1","2","1110","4","0","Complete","1","1","-1"
"5cd782ecf0fd9","Senior","1","3","1205","4","0","Complete","1","1","-1"
"5cd782ecf0fd9","Senior","1","4","222","4","0","Complete","1","1","-1"
"5cd782ecf0fd9","Senior","1","5","388","4","0","Complete","1","1","-1"
"5cd7b1b08dcdf","Junior","3","0","702","3","0","N/A","0","0","10"
"5cd7b1b08dcdf","Junior","3","1","839","3","0","N/A","0","0","10"
"5cd7b1b08dcdf","Junior","3","2","2703","3","0","N/A","0","0","10"
"5cd7b1b08dcdf","Junior","3","3","141","3","0","N/A","0","0","10"
"5cd7b1b08dcdf","Junior","3","4","237","3","0","N/A","0","0","10"
"5cd7b1b08dcdf","Junior","3","5","665","3","0","N/A","0","0","10"
"5cd8bee9dbb27","Junior","2","0","4422","4","1","Complete","0","1","9"
"5cd8bee9dbb27","Junior","2","1","2703","4","1","Complete","0","1","9"
"5cd8bee9dbb27","Junior","2","2","2703","4","1","Complete","0","1","9"
"5cd8bee9dbb27","Junior","2","3","2703","4","1","Complete","0","1","9"
"5cd8bee9dbb27","Junior","2","4","2703","4","1","Complete","0","1","9"
"5cd8bee9dbb27","Junior","2","5","2703","4","1","Complete","0","1","9"
"5cd9483ae2f75","Junior","1","0","596","6","1","N/A","0","1","-1"
"5cd9483ae2f75","Junior","1","1","841","6","1","N/A","0","1","-1"
"5cd9483ae2f75","Junior","1","2","2701","6","1","N/A","0","1","-1"
"5cd9483ae2f75","Junior","1","3","413","6","1","N/A","0","1","-1"
"5cd9483ae2f75","Junior","1","4","191","6","1","N/A","0","1","-1"
"5cd9483ae2f75","Junior","1","5","198","6","1","N/A","0","1","-1"
"5cd9f706ec626","Junior","3","0","1881","2","0","Complete","0","0","2"
"5cd9f706ec626","Junior","3","1","1540","2","0","Complete","0","0","2"
"5cd9f706ec626","Junior","3","2","2702","2","0","Complete","0","0","2"
"5cd9f706ec626","Junior","3","3","1392","2","0","Complete","0","0","2"
"5cd9f706ec626","Junior","3","4","566","2","0","Complete","0","0","2"
"5cd9f706ec626","Junior","3","5","419","2","0","Complete","0","0","2"
"5cdc6ffa48976","Senior","3","0","2706","4","1","N/A","0","1","-1"
"5cdc6ffa48976","Senior","3","1","2702","4","1","N/A","0","1","-1"
"5cdc6ffa48976","Senior","3","2","2704","4","1","N/A","0","1","-1"
"5cdcbed4b80e5","Senior","2","0","2703","4","0","N/A","0","1","-1"
"5cdcbed4b80e5","Senior","2","1","2703","4","0","N/A","0","1","-1"
